id,label
22,0.000159602990607
9,4.40074217067e-07
3,0.923051893711
14,0.00058163551148
21,1.0
7,3.34694195772e-05
11,3.72208894817e-08
8,0.0133690666407
1,0.000288011040539
6,0.00161542987917
25,0.999999761581
12,0.999097466469
4,0.999999761581
19,0.999986290932
23,0.980479836464
13,1.82484145625e-05
18,0.999994277954
17,0.999999523163
16,4.24037389166e-05
24,0.999999761581
5,0.0681996420026
20,1.98645266902e-10
2,0.999943614006
15,6.43823805149e-05
10,3.85696239391e-08
