id,label
15,0.0912984013557
1,0.089034974575
11,0.977738618851
23,0.978417158127
5,0.982140243053
6,0.0857047960162
14,0.977638661861
3,0.982969880104
9,0.978699684143
10,0.950224876404
20,0.100743472576
7,0.978063702583
4,0.977579653263
12,0.982838690281
18,0.0851082578301
13,0.0835039243102
24,0.119751445949
19,0.973070144653
25,0.972077965736
22,0.0753148943186
21,0.975840032101
8,0.0767899826169
2,0.972072005272
17,0.976205825806
16,0.980207026005
